{
  "sharpe_ratio": -0.7163397548795616,
  "max_drawdown": -0.09721804511278276,
  "win_rate": 0.43434343434343436,
  "profit_factor": 0.8924787379675331
}